<?xml version="1.0"?>
<project name="JavaRosa Packaging Tools" default="package">
	<tstamp/>
	
	<target name="clean">
		<delete dir="buildTools"/>
	</target>
	
	<target name="package" depends="clean">
		<mkdir dir="buildTools"/>
		<javac destdir="buildTools">
			<src path="src"/>
			<include name="**/*.java"/>
		</javac>
		
		<!-- Schweet, now turn it into a 'jar' file! -->
		<zip destfile="tools/javarosa-ant-libs.jar" basedir="buildTools"/>
		
		<delete dir="buildTools"/>
	</target>
</project>